{
  "npz": "F:\\study\\LSMRT\\data\\multimodal-tactile-texture-dataset\\processed\\imu_windows_w256_s128.npz",
  "device": "cuda",
  "batch": 256,
  "epochs": 30,
  "lr": 0.0003,
  "wd": 0.01,
  "width": 128,
  "dropout": 0.2,
  "max_norm_samples": 20000,
  "test_acc": 0.9388216339591399,
  "test_macro_f1": 0.93889572493502,
  "confusion_matrix": [
    [
      6992,
      121,
      30,
      50,
      73,
      22,
      48,
      36,
      18,
      7,
      7,
      63
    ],
    [
      142,
      6840,
      70,
      59,
      65,
      40,
      36,
      58,
      19,
      11,
      11,
      62
    ],
    [
      41,
      80,
      6992,
      24,
      36,
      39,
      48,
      115,
      57,
      1,
      6,
      47
    ],
    [
      74,
      48,
      23,
      7013,
      25,
      53,
      25,
      26,
      10,
      6,
      3,
      14
    ],
    [
      62,
      36,
      26,
      16,
      7240,
      38,
      19,
      5,
      14,
      1,
      2,
      17
    ],
    [
      40,
      63,
      27,
      41,
      72,
      6976,
      15,
      34,
      65,
      8,
      10,
      12
    ],
    [
      46,
      38,
      36,
      25,
      28,
      19,
      7129,
      56,
      99,
      10,
      13,
      13
    ],
    [
      39,
      61,
      110,
      40,
      11,
      32,
      84,
      6584,
      457,
      16,
      16,
      80
    ],
    [
      18,
      53,
      51,
      15,
      23,
      35,
      69,
      425,
      6807,
      21,
      14,
      48
    ],
    [
      5,
      7,
      0,
      0,
      1,
      3,
      4,
      3,
      13,
      7278,
      101,
      21
    ],
    [
      17,
      8,
      4,
      0,
      3,
      1,
      3,
      5,
      2,
      79,
      7238,
      50
    ],
    [
      72,
      58,
      71,
      21,
      17,
      11,
      14,
      62,
      40,
      73,
      126,
      6821
    ]
  ],
  "best_path": "runs/imu_npz_cnn_w256\\best.pt"
}