{
  "minc_root": "F:\\study\\\\LSMRT\\data\\\\minc-2500",
  "split_id": 1,
  "model": "mobilenet_v3_large(IMAGENET1K_V2)",
  "img_size": 160,
  "batch": 16,
  "epochs": 40,
  "lr": 0.0003,
  "wd": 0.05,
  "num_workers": 2,
  "torch": "2.6.0+cu124",
  "cuda": "12.4",
  "test_acc": 0.7916521739130434,
  "test_macro_f1": 0.7904566037212616,
  "classes": [
    "brick",
    "carpet",
    "ceramic",
    "fabric",
    "foliage",
    "food",
    "glass",
    "hair",
    "leather",
    "metal",
    "mirror",
    "other",
    "painted",
    "paper",
    "plastic",
    "polishedstone",
    "skin",
    "sky",
    "stone",
    "tile",
    "wallpaper",
    "water",
    "wood"
  ],
  "confusion_matrix": [
    [
      205,
      2,
      0,
      1,
      0,
      0,
      1,
      0,
      0,
      0,
      0,
      2,
      2,
      0,
      0,
      2,
      0,
      0,
      25,
      7,
      0,
      2,
      1
    ],
    [
      1,
      207,
      0,
      5,
      0,
      0,
      1,
      0,
      1,
      2,
      1,
      0,
      3,
      1,
      1,
      7,
      0,
      0,
      3,
      9,
      0,
      2,
      6
    ],
    [
      0,
      0,
      186,
      4,
      1,
      5,
      6,
      1,
      5,
      9,
      2,
      0,
      2,
      6,
      13,
      5,
      0,
      0,
      1,
      0,
      1,
      2,
      1
    ],
    [
      1,
      13,
      0,
      158,
      0,
      4,
      2,
      2,
      24,
      6,
      2,
      8,
      4,
      5,
      7,
      1,
      2,
      0,
      2,
      2,
      5,
      0,
      2
    ],
    [
      0,
      0,
      0,
      0,
      229,
      4,
      5,
      0,
      0,
      0,
      0,
      1,
      0,
      3,
      1,
      0,
      1,
      1,
      3,
      0,
      2,
      0,
      0
    ],
    [
      0,
      0,
      4,
      0,
      3,
      221,
      0,
      1,
      0,
      4,
      0,
      0,
      0,
      7,
      3,
      1,
      2,
      0,
      3,
      0,
      0,
      1,
      0
    ],
    [
      0,
      0,
      2,
      3,
      3,
      0,
      168,
      0,
      0,
      15,
      25,
      2,
      7,
      4,
      3,
      1,
      1,
      2,
      0,
      3,
      0,
      3,
      8
    ],
    [
      0,
      0,
      0,
      3,
      1,
      0,
      1,
      230,
      0,
      0,
      1,
      0,
      0,
      0,
      2,
      0,
      11,
      0,
      0,
      0,
      0,
      0,
      1
    ],
    [
      0,
      0,
      1,
      13,
      0,
      0,
      0,
      1,
      214,
      5,
      1,
      1,
      1,
      4,
      4,
      0,
      0,
      0,
      0,
      0,
      1,
      0,
      4
    ],
    [
      1,
      0,
      10,
      3,
      0,
      2,
      9,
      0,
      1,
      164,
      5,
      2,
      8,
      3,
      19,
      6,
      0,
      0,
      2,
      3,
      0,
      1,
      11
    ],
    [
      0,
      0,
      1,
      2,
      1,
      0,
      10,
      0,
      0,
      9,
      192,
      1,
      14,
      1,
      1,
      0,
      0,
      0,
      0,
      4,
      8,
      1,
      5
    ],
    [
      0,
      9,
      1,
      2,
      3,
      4,
      1,
      3,
      2,
      3,
      0,
      206,
      0,
      3,
      5,
      1,
      0,
      0,
      1,
      2,
      1,
      1,
      2
    ],
    [
      0,
      2,
      1,
      3,
      0,
      0,
      3,
      0,
      1,
      6,
      15,
      3,
      199,
      1,
      2,
      1,
      0,
      2,
      2,
      2,
      4,
      1,
      2
    ],
    [
      1,
      0,
      7,
      3,
      1,
      0,
      3,
      0,
      1,
      5,
      5,
      4,
      2,
      194,
      13,
      2,
      3,
      0,
      2,
      0,
      2,
      0,
      2
    ],
    [
      1,
      1,
      16,
      10,
      2,
      7,
      4,
      4,
      4,
      19,
      3,
      1,
      9,
      23,
      122,
      2,
      7,
      0,
      0,
      4,
      3,
      2,
      6
    ],
    [
      2,
      9,
      2,
      1,
      0,
      0,
      1,
      0,
      3,
      6,
      1,
      1,
      1,
      1,
      3,
      197,
      0,
      0,
      8,
      8,
      0,
      3,
      3
    ],
    [
      0,
      1,
      1,
      3,
      0,
      2,
      1,
      8,
      1,
      1,
      0,
      0,
      1,
      1,
      0,
      0,
      227,
      0,
      0,
      1,
      0,
      1,
      1
    ],
    [
      0,
      0,
      0,
      0,
      0,
      0,
      0,
      0,
      0,
      0,
      1,
      2,
      2,
      0,
      0,
      0,
      0,
      245,
      0,
      0,
      0,
      0,
      0
    ],
    [
      13,
      5,
      0,
      1,
      1,
      0,
      2,
      0,
      1,
      0,
      1,
      2,
      4,
      0,
      0,
      2,
      0,
      0,
      192,
      11,
      4,
      7,
      4
    ],
    [
      4,
      5,
      0,
      2,
      2,
      0,
      1,
      1,
      1,
      5,
      2,
      1,
      7,
      2,
      2,
      13,
      0,
      0,
      7,
      180,
      8,
      0,
      7
    ],
    [
      2,
      1,
      0,
      3,
      0,
      0,
      2,
      0,
      1,
      1,
      2,
      0,
      9,
      0,
      3,
      3,
      1,
      1,
      2,
      3,
      213,
      2,
      1
    ],
    [
      0,
      2,
      1,
      0,
      0,
      1,
      2,
      0,
      0,
      0,
      0,
      0,
      1,
      0,
      2,
      0,
      0,
      1,
      6,
      0,
      0,
      234,
      0
    ],
    [
      0,
      5,
      1,
      5,
      0,
      0,
      1,
      0,
      4,
      6,
      4,
      1,
      6,
      5,
      3,
      6,
      3,
      0,
      9,
      13,
      7,
      2,
      169
    ]
  ]
}