{
  "test_acc": 0.27619672938424605,
  "test_macro_f1": 0.25872660612250326,
  "confusion_matrix": [
    [
      10097,
      805,
      1346,
      298,
      1080,
      961,
      3511,
      411,
      1150,
      456,
      184,
      7
    ],
    [
      4711,
      4729,
      2152,
      1277,
      2126,
      1199,
      472,
      1368,
      1289,
      723,
      13,
      234
    ],
    [
      4020,
      1554,
      12115,
      28,
      9,
      54,
      170,
      836,
      1306,
      88,
      10,
      101
    ],
    [
      7825,
      408,
      714,
      7463,
      110,
      95,
      1338,
      459,
      1259,
      598,
      18,
      26
    ],
    [
      15590,
      508,
      1045,
      307,
      904,
      61,
      675,
      88,
      1010,
      114,
      4,
      39
    ],
    [
      4628,
      1776,
      1177,
      2771,
      128,
      1667,
      1311,
      1799,
      4798,
      223,
      14,
      14
    ],
    [
      7947,
      941,
      1232,
      448,
      205,
      722,
      6199,
      760,
      1478,
      213,
      76,
      85
    ],
    [
      7761,
      476,
      1831,
      512,
      47,
      47,
      1057,
      2242,
      5495,
      493,
      267,
      92
    ],
    [
      6601,
      748,
      2158,
      153,
      18,
      98,
      1162,
      1250,
      7314,
      501,
      208,
      99
    ],
    [
      362,
      172,
      68,
      26,
      4,
      1060,
      1192,
      35,
      2737,
      12521,
      2108,
      8
    ],
    [
      6958,
      1096,
      1424,
      224,
      391,
      228,
      711,
      1312,
      379,
      4876,
      1082,
      1623
    ],
    [
      8377,
      414,
      2529,
      81,
      262,
      99,
      1546,
      1015,
      1949,
      1814,
      1240,
      972
    ]
  ],
  "no_val": true
}