{
  "minc_root": "F:\\study\\\\LSMRT\\data\\\\minc-2500",
  "split_id": 1,
  "model": "mobilenet_v3_large(IMAGENET1K_V2)",
  "img_size": 224,
  "batch": 16,
  "epochs": 40,
  "lr": 0.0003,
  "wd": 0.05,
  "num_workers": 2,
  "torch": "2.6.0+cu124",
  "cuda": "12.4",
  "test_acc": 0.8147826086956522,
  "test_macro_f1": 0.8147148922555862,
  "classes": [
    "brick",
    "carpet",
    "ceramic",
    "fabric",
    "foliage",
    "food",
    "glass",
    "hair",
    "leather",
    "metal",
    "mirror",
    "other",
    "painted",
    "paper",
    "plastic",
    "polishedstone",
    "skin",
    "sky",
    "stone",
    "tile",
    "wallpaper",
    "water",
    "wood"
  ],
  "confusion_matrix": [
    [
      224,
      0,
      0,
      0,
      0,
      0,
      0,
      0,
      0,
      0,
      2,
      1,
      2,
      0,
      0,
      0,
      0,
      0,
      14,
      5,
      0,
      1,
      1
    ],
    [
      0,
      205,
      0,
      7,
      0,
      0,
      1,
      0,
      0,
      2,
      0,
      1,
      1,
      4,
      0,
      5,
      0,
      0,
      3,
      9,
      5,
      0,
      7
    ],
    [
      0,
      1,
      204,
      2,
      1,
      8,
      1,
      0,
      1,
      4,
      1,
      0,
      1,
      3,
      13,
      3,
      2,
      0,
      0,
      2,
      0,
      0,
      3
    ],
    [
      1,
      12,
      1,
      174,
      2,
      1,
      1,
      2,
      19,
      5,
      0,
      6,
      2,
      2,
      5,
      0,
      2,
      0,
      3,
      1,
      5,
      0,
      6
    ],
    [
      0,
      0,
      0,
      0,
      229,
      5,
      5,
      0,
      0,
      0,
      0,
      2,
      0,
      0,
      2,
      0,
      1,
      0,
      3,
      0,
      2,
      1,
      0
    ],
    [
      0,
      0,
      3,
      1,
      3,
      223,
      2,
      0,
      1,
      5,
      1,
      1,
      0,
      2,
      4,
      1,
      2,
      0,
      1,
      0,
      0,
      0,
      0
    ],
    [
      0,
      0,
      2,
      1,
      4,
      1,
      179,
      0,
      1,
      9,
      24,
      0,
      5,
      4,
      7,
      0,
      0,
      0,
      1,
      2,
      2,
      2,
      6
    ],
    [
      0,
      0,
      0,
      1,
      1,
      0,
      0,
      232,
      0,
      0,
      0,
      0,
      0,
      1,
      5,
      0,
      8,
      0,
      1,
      0,
      0,
      0,
      1
    ],
    [
      0,
      2,
      2,
      15,
      0,
      0,
      0,
      0,
      214,
      3,
      0,
      2,
      0,
      1,
      2,
      0,
      1,
      0,
      0,
      2,
      1,
      0,
      5
    ],
    [
      0,
      1,
      6,
      4,
      1,
      3,
      6,
      0,
      0,
      182,
      5,
      0,
      10,
      3,
      15,
      4,
      0,
      0,
      1,
      2,
      0,
      0,
      7
    ],
    [
      0,
      0,
      1,
      1,
      0,
      0,
      17,
      0,
      0,
      11,
      190,
      0,
      8,
      2,
      0,
      0,
      0,
      0,
      2,
      5,
      7,
      0,
      6
    ],
    [
      3,
      7,
      3,
      5,
      1,
      0,
      1,
      1,
      3,
      2,
      0,
      211,
      0,
      2,
      4,
      1,
      0,
      0,
      1,
      2,
      1,
      1,
      1
    ],
    [
      0,
      1,
      1,
      5,
      0,
      0,
      5,
      0,
      1,
      5,
      9,
      2,
      199,
      1,
      1,
      1,
      1,
      2,
      0,
      3,
      4,
      1,
      8
    ],
    [
      0,
      1,
      6,
      3,
      0,
      1,
      1,
      1,
      3,
      4,
      2,
      3,
      3,
      196,
      17,
      3,
      1,
      0,
      0,
      1,
      2,
      0,
      2
    ],
    [
      0,
      1,
      19,
      13,
      0,
      6,
      5,
      1,
      2,
      12,
      0,
      4,
      4,
      15,
      152,
      1,
      6,
      0,
      1,
      3,
      1,
      0,
      4
    ],
    [
      1,
      6,
      3,
      1,
      0,
      1,
      0,
      0,
      1,
      7,
      0,
      2,
      0,
      1,
      1,
      201,
      0,
      0,
      7,
      7,
      1,
      0,
      10
    ],
    [
      0,
      2,
      0,
      1,
      0,
      2,
      0,
      10,
      0,
      1,
      0,
      0,
      0,
      0,
      3,
      0,
      230,
      0,
      0,
      0,
      0,
      0,
      1
    ],
    [
      0,
      0,
      0,
      0,
      1,
      0,
      1,
      0,
      0,
      0,
      1,
      1,
      3,
      0,
      0,
      0,
      0,
      242,
      0,
      0,
      1,
      0,
      0
    ],
    [
      18,
      6,
      0,
      3,
      3,
      0,
      1,
      1,
      1,
      2,
      0,
      1,
      1,
      0,
      1,
      5,
      0,
      0,
      188,
      8,
      3,
      5,
      3
    ],
    [
      6,
      5,
      0,
      1,
      0,
      0,
      3,
      0,
      0,
      6,
      2,
      0,
      1,
      1,
      2,
      14,
      0,
      0,
      5,
      190,
      7,
      0,
      7
    ],
    [
      0,
      1,
      0,
      2,
      1,
      1,
      3,
      0,
      0,
      2,
      1,
      1,
      5,
      2,
      0,
      1,
      1,
      2,
      0,
      4,
      219,
      1,
      3
    ],
    [
      1,
      5,
      1,
      0,
      1,
      0,
      2,
      0,
      0,
      1,
      0,
      0,
      1,
      0,
      1,
      0,
      0,
      0,
      9,
      0,
      0,
      228,
      0
    ],
    [
      2,
      3,
      4,
      4,
      0,
      0,
      3,
      0,
      5,
      8,
      3,
      7,
      8,
      4,
      0,
      6,
      0,
      0,
      2,
      14,
      4,
      0,
      173
    ]
  ]
}