{
  "minc_root": "F:\\study\\\\LSMRT\\data\\\\minc-2500",
  "split_id": 1,
  "model": "mobilenet_v3_large(IMAGENET1K_V2)",
  "img_size": 192,
  "batch": 16,
  "epochs": 40,
  "lr": 0.0003,
  "wd": 0.05,
  "num_workers": 2,
  "torch": "2.6.0+cu124",
  "cuda": "12.4",
  "test_acc": 0.8052173913043478,
  "test_macro_f1": 0.8042233921714508,
  "classes": [
    "brick",
    "carpet",
    "ceramic",
    "fabric",
    "foliage",
    "food",
    "glass",
    "hair",
    "leather",
    "metal",
    "mirror",
    "other",
    "painted",
    "paper",
    "plastic",
    "polishedstone",
    "skin",
    "sky",
    "stone",
    "tile",
    "wallpaper",
    "water",
    "wood"
  ],
  "confusion_matrix": [
    [
      218,
      0,
      0,
      1,
      0,
      0,
      1,
      0,
      0,
      0,
      0,
      3,
      1,
      0,
      1,
      0,
      0,
      0,
      18,
      5,
      0,
      2,
      0
    ],
    [
      1,
      204,
      1,
      8,
      0,
      0,
      3,
      0,
      0,
      3,
      0,
      0,
      1,
      1,
      2,
      5,
      1,
      0,
      5,
      8,
      1,
      2,
      4
    ],
    [
      0,
      1,
      201,
      1,
      1,
      7,
      3,
      0,
      4,
      4,
      1,
      0,
      1,
      5,
      11,
      4,
      1,
      0,
      1,
      2,
      2,
      0,
      0
    ],
    [
      1,
      11,
      3,
      160,
      2,
      2,
      1,
      3,
      24,
      5,
      4,
      8,
      3,
      3,
      3,
      0,
      3,
      0,
      2,
      0,
      5,
      1,
      6
    ],
    [
      1,
      0,
      2,
      2,
      228,
      5,
      5,
      0,
      0,
      0,
      0,
      1,
      0,
      0,
      0,
      0,
      0,
      1,
      1,
      1,
      3,
      0,
      0
    ],
    [
      0,
      1,
      3,
      1,
      2,
      227,
      0,
      1,
      1,
      2,
      1,
      0,
      0,
      3,
      5,
      0,
      0,
      0,
      1,
      1,
      0,
      1,
      0
    ],
    [
      0,
      0,
      6,
      2,
      3,
      0,
      176,
      0,
      0,
      12,
      21,
      2,
      7,
      2,
      3,
      0,
      0,
      2,
      1,
      4,
      1,
      2,
      6
    ],
    [
      0,
      0,
      0,
      2,
      1,
      0,
      0,
      228,
      1,
      0,
      0,
      0,
      0,
      0,
      4,
      0,
      12,
      0,
      0,
      0,
      1,
      1,
      0
    ],
    [
      0,
      0,
      4,
      10,
      0,
      0,
      2,
      0,
      221,
      4,
      0,
      1,
      0,
      1,
      4,
      0,
      0,
      0,
      0,
      0,
      0,
      1,
      2
    ],
    [
      0,
      2,
      4,
      1,
      0,
      4,
      5,
      2,
      3,
      163,
      6,
      0,
      7,
      3,
      21,
      7,
      0,
      0,
      2,
      4,
      0,
      1,
      15
    ],
    [
      0,
      0,
      0,
      1,
      2,
      0,
      14,
      0,
      0,
      4,
      202,
      1,
      7,
      1,
      0,
      0,
      0,
      0,
      2,
      4,
      5,
      1,
      6
    ],
    [
      2,
      8,
      1,
      3,
      0,
      2,
      3,
      3,
      2,
      3,
      0,
      205,
      2,
      3,
      3,
      2,
      1,
      0,
      1,
      0,
      1,
      2,
      3
    ],
    [
      0,
      2,
      2,
      2,
      0,
      0,
      5,
      0,
      0,
      4,
      16,
      1,
      196,
      1,
      4,
      0,
      0,
      2,
      1,
      1,
      3,
      2,
      8
    ],
    [
      0,
      2,
      9,
      6,
      1,
      1,
      4,
      1,
      0,
      4,
      2,
      2,
      1,
      191,
      15,
      4,
      1,
      0,
      2,
      1,
      1,
      0,
      2
    ],
    [
      0,
      1,
      20,
      11,
      4,
      8,
      9,
      1,
      5,
      9,
      2,
      1,
      3,
      13,
      143,
      2,
      8,
      0,
      1,
      1,
      1,
      1,
      6
    ],
    [
      1,
      5,
      2,
      0,
      0,
      0,
      1,
      1,
      2,
      9,
      2,
      1,
      0,
      0,
      0,
      200,
      1,
      0,
      6,
      10,
      0,
      3,
      6
    ],
    [
      0,
      1,
      1,
      1,
      0,
      6,
      0,
      7,
      0,
      1,
      0,
      0,
      1,
      1,
      4,
      0,
      227,
      0,
      0,
      0,
      0,
      0,
      0
    ],
    [
      1,
      0,
      0,
      0,
      0,
      0,
      0,
      0,
      0,
      0,
      1,
      2,
      1,
      0,
      1,
      0,
      0,
      243,
      1,
      0,
      0,
      0,
      0
    ],
    [
      18,
      7,
      0,
      1,
      1,
      0,
      4,
      1,
      1,
      0,
      0,
      0,
      3,
      0,
      1,
      3,
      0,
      0,
      184,
      9,
      3,
      9,
      5
    ],
    [
      5,
      9,
      1,
      1,
      1,
      1,
      4,
      0,
      0,
      3,
      1,
      2,
      4,
      4,
      1,
      5,
      0,
      0,
      3,
      188,
      7,
      1,
      9
    ],
    [
      1,
      1,
      0,
      3,
      1,
      1,
      3,
      0,
      0,
      0,
      5,
      0,
      8,
      1,
      0,
      0,
      0,
      0,
      0,
      4,
      217,
      2,
      3
    ],
    [
      0,
      2,
      1,
      0,
      2,
      0,
      1,
      0,
      2,
      0,
      0,
      1,
      1,
      0,
      2,
      1,
      1,
      0,
      4,
      0,
      0,
      231,
      1
    ],
    [
      1,
      5,
      2,
      3,
      0,
      0,
      2,
      0,
      8,
      7,
      4,
      3,
      9,
      3,
      1,
      3,
      1,
      0,
      5,
      11,
      3,
      2,
      177
    ]
  ]
}